Site,Fractional coord,ID
C1,"0.350367 0.5 0.5",44
C2,"0.285471 0.5 0.5",45
C3,"0.214529 0.5 0.5",57
C4,"0.149633 0.5 0.5",56
C5,"0.424397 0.5 0.5",49
